[
  {
    "en":"Andorra",
    "cy":"Andorra",
    "code":"AD"
  },
  {
    "en":"United Arab Emirates (the) - Abu Dhabi, Ajman, Dubai, Fujairah, Ras al Khaimah, Sharjah and Umm al Qaiwain",
    "cy":"United Arab Emirates (the) - Abu Dhabi, Ajman, Dubai, Fujairah, Ras al Khaimah, Sharjah and Umm al Qaiwain",
    "code":"AE"
  },
  {
    "en":"Afghanistan",
    "cy":"Afghanistan",
    "code":"AF"
  },
  {
    "en":"Antigua and Barbuda",
    "cy":"Antigua and Barbuda",
    "code":"AG"
  },
  {
    "en":"Anguilla",
    "cy":"Anguilla",
    "code":"AI"
  },
  {
    "en":"Albania",
    "cy":"Albania",
    "code":"AL"
  },
  {
    "en":"Armenia",
    "cy":"Armenia",
    "code":"AM"
  },
  {
    "en":"Angola including Cabinda",
    "cy":"Angola including Cabinda",
    "code":"AO"
  },
  {
    "en":"Antarctica - Territory south of 60 degree south latitude; not including the French Southern Territories (TF), Bouvet Island (BV), South Georgia and South Sandwich Islands (GS)",
    "cy":"Antarctica - Territory south of 60 degree south latitude; not including the French Southern Territories (TF), Bouvet Island (BV), South Georgia and South Sandwich Islands (GS)",
    "code":"AQ"
  },
  {
    "en":"Argentina",
    "cy":"Argentina",
    "code":"AR"
  },
  {
    "en":"American Samoa",
    "cy":"American Samoa",
    "code":"AS"
  },
  {
    "en":"Austria",
    "cy":"Austria",
    "code":"AT"
  },
  {
    "en":"Australia",
    "cy":"Australia",
    "code":"AU"
  },
  {
    "en":"Aruba",
    "cy":"Aruba",
    "code":"AW"
  },
  {
    "en":"Azerbaijan",
    "cy":"Azerbaijan",
    "code":"AZ"
  },
  {
    "en":"Bosnia and Herzegovina",
    "cy":"Bosnia and Herzegovina",
    "code":"BA"
  },
  {
    "en":"Barbados",
    "cy":"Barbados",
    "code":"BB"
  },
  {
    "en":"Bangladesh",
    "cy":"Bangladesh",
    "code":"BD"
  },
  {
    "en":"Belgium",
    "cy":"Belgium",
    "code":"BE"
  },
  {
    "en":"Burkina Faso",
    "cy":"Burkina Faso",
    "code":"BF"
  },
  {
    "en":"Bulgaria",
    "cy":"Bulgaria",
    "code":"BG"
  },
  {
    "en":"Bahrain",
    "cy":"Bahrain",
    "code":"BH"
  },
  {
    "en":"Burundi",
    "cy":"Burundi",
    "code":"BI"
  },
  {
    "en":"Benin",
    "cy":"Benin",
    "code":"BJ"
  },
  {
    "en":"Saint Barthelemy",
    "cy":"Saint Barthelemy",
    "code":"BL"
  },
  {
    "en":"Bermuda",
    "cy":"Bermuda",
    "code":"BM"
  },
  {
    "en":"Brunei Darussalam, Often referred to as Brunei",
    "cy":"Brunei Darussalam, Often referred to as Brunei",
    "code":"BN"
  },
  {
    "en":"Bolivia (Plurinational State of), Often referred to as Bolivia",
    "cy":"Bolivia (Plurinational State of), Often referred to as Bolivia",
    "code":"BO"
  },
  {
    "en":"Bonaire, Sint Eustatius and Saba",
    "cy":"Bonaire, Sint Eustatius and Saba",
    "code":"BQ"
  },
  {
    "en":"Brazil",
    "cy":"Brazil",
    "code":"BR"
  },
  {
    "en":"Bahamas (the)",
    "cy":"Bahamas (the)",
    "code":"BS"
  },
  {
    "en":"Bhutan",
    "cy":"Bhutan",
    "code":"BT"
  },
  {
    "en":"Bouvet Island",
    "cy":"Bouvet Island",
    "code":"BV"
  },
  {
    "en":"Botswana",
    "cy":"Botswana",
    "code":"BW"
  },
  {
    "en":"Belarus, Often referred to as Belorussia",
    "cy":"Belarus, Often referred to as Belorussia",
    "code":"BY"
  },
  {
    "en":"Belize",
    "cy":"Belize",
    "code":"BZ"
  },
  {
    "en":"Canada",
    "cy":"Canada",
    "code":"CA"
  },
  {
    "en":"Cocos (Keeling) Islands (the)",
    "cy":"Cocos (Keeling) Islands (the)",
    "code":"CC"
  },
  {
    "en":"Congo (the Democratic Republic of the), Formerly Zaire",
    "cy":"Congo (the Democratic Republic of the), Formerly Zaire",
    "code":"CD"
  },
  {
    "en":"Central African Republic (the)",
    "cy":"Central African Republic (the)",
    "code":"CF"
  },
  {
    "en":"Congo (the)",
    "cy":"Congo (the)",
    "code":"CG"
  },
  {
    "en":"Switzerland, Including the German territory of Busingen and the Italian municipality of Campione d’Italia",
    "cy":"Switzerland, Including the German territory of Busingen and the Italian municipality of Campione d’Italia",
    "code":"CH"
  },
  {
    "en":"Cote d’Ivoire, Often referred to as Ivory Coast",
    "cy":"Cote d’Ivoire, Often referred to as Ivory Coast",
    "code":"CI"
  },
  {
    "en":"Cook Islands (the)",
    "cy":"Cook Islands (the)",
    "code":"CK"
  },
  {
    "en":"Chile",
    "cy":"Chile",
    "code":"CL"
  },
  {
    "en":"Cameroon",
    "cy":"Cameroon",
    "code":"CM"
  },
  {
    "en":"China",
    "cy":"China",
    "code":"CN"
  },
  {
    "en":"Colombia",
    "cy":"Colombia",
    "code":"CO"
  },
  {
    "en":"Costa Rica",
    "cy":"Costa Rica",
    "code":"CR"
  },
  {
    "en":"Cuba",
    "cy":"Cuba",
    "code":"CU"
  },
  {
    "en":"Cape Verde",
    "cy":"Cape Verde",
    "code":"CV"
  },
  {
    "en":"Curacao",
    "cy":"Curacao",
    "code":"CW"
  },
  {
    "en":"Christmas Island",
    "cy":"Christmas Island",
    "code":"CX"
  },
  {
    "en":"Cyprus",
    "cy":"Cyprus",
    "code":"CY"
  },
  {
    "en":"Czech Republic",
    "cy":"Czech Republic",
    "code":"CZ"
  },
  {
    "en":"Germany, Including the island of Heligoland; excluding the territory of Busingen",
    "cy":"Germany, Including the island of Heligoland; excluding the territory of Busingen",
    "code":"DE"
  },
  {
    "en":"Djibouti",
    "cy":"Djibouti",
    "code":"DJ"
  },
  {
    "en":"Denmark",
    "cy":"Denmark",
    "code":"DK"
  },
  {
    "en":"Dominica",
    "cy":"Dominica",
    "code":"DM"
  },
  {
    "en":"Dominican Republic (the)",
    "cy":"Dominican Republic (the)",
    "code":"DO"
  },
  {
    "en":"Algeria",
    "cy":"Algeria",
    "code":"DZ"
  },
  {
    "en":"Ecuador, Including the Galapagos Islands",
    "cy":"Ecuador, Including the Galapagos Islands",
    "code":"EC"
  },
  {
    "en":"Estonia",
    "cy":"Estonia",
    "code":"EE"
  },
  {
    "en":"Egypt",
    "cy":"Egypt",
    "code":"EG"
  },
  {
    "en":"Western Sahara",
    "cy":"Western Sahara",
    "code":"EH"
  },
  {
    "en":"Eritrea",
    "cy":"Eritrea",
    "code":"ER"
  },
  {
    "en":"Spain, Including the Balearic Islands and the Canary Islands; excluding Ceuta (XC) and Melilla (XL)",
    "cy":"Spain, Including the Balearic Islands and the Canary Islands; excluding Ceuta (XC) and Melilla (XL)",
    "code":"ES"
  },
  {
    "en":"Ethiopia",
    "cy":"Ethiopia",
    "code":"ET"
  },
  {
    "en":"Finland, Including the Aland Islands",
    "cy":"Finland, Including the Aland Islands",
    "code":"FI"
  },
  {
    "en":"Fiji",
    "cy":"Fiji",
    "code":"FJ"
  },
  {
    "en":"Falkland Islands (the)",
    "cy":"Falkland Islands (the)",
    "code":"FK"
  },
  {
    "en":"Micronesia (Federated States of), Chuuk, Kosrae, Pohnpei and Yap",
    "cy":"Micronesia (Federated States of), Chuuk, Kosrae, Pohnpei and Yap",
    "code":"FM"
  },
  {
    "en":"Faroe Islands (the)",
    "cy":"Faroe Islands (the)",
    "code":"FO"
  },
  {
    "en":"France, Including Monaco, the French overseas departments (French Guiana, Guadeloupe, Martinique and Reunion) and the French northern part of St Martin",
    "cy":"France, Including Monaco, the French overseas departments (French Guiana, Guadeloupe, Martinique and Reunion) and the French northern part of St Martin",
    "code":"FR"
  },
  {
    "en":"Gabon",
    "cy":"Gabon",
    "code":"GA"
  },
  {
    "en":"United Kingdom, Great Britain, Northern Ireland",
    "cy":"United Kingdom, Great Britain, Northern Ireland",
    "code":"GB"
  },
  {
    "en":"Grenada, Including Southern Grenadines",
    "cy":"Grenada, Including Southern Grenadines",
    "code":"GD"
  },
  {
    "en":"Georgia",
    "cy":"Georgia",
    "code":"GE"
  },
  {
    "en":"Guernsey",
    "cy":"Guernsey",
    "code":"GG"
  },
  {
    "en":"Ghana",
    "cy":"Ghana",
    "code":"GH"
  },
  {
    "en":"Gibraltar",
    "cy":"Gibraltar",
    "code":"GI"
  },
  {
    "en":"Greenland",
    "cy":"Greenland",
    "code":"GL"
  },
  {
    "en":"Gambia (the)",
    "cy":"Gambia (the)",
    "code":"GM"
  },
  {
    "en":"Guinea",
    "cy":"Guinea",
    "code":"GN"
  },
  {
    "en":"Equatorial Guinea",
    "cy":"Equatorial Guinea",
    "code":"GQ"
  },
  {
    "en":"Greece",
    "cy":"Greece",
    "code":"GR"
  },
  {
    "en":"South Georgia and the South Sandwich Islands",
    "cy":"South Georgia and the South Sandwich Islands",
    "code":"GS"
  },
  {
    "en":"Guatemala",
    "cy":"Guatemala",
    "code":"GT"
  },
  {
    "en":"Guam",
    "cy":"Guam",
    "code":"GU"
  },
  {
    "en":"Guinea-Bissau",
    "cy":"Guinea-Bissau",
    "code":"GW"
  },
  {
    "en":"Guyana",
    "cy":"Guyana",
    "code":"GY"
  },
  {
    "en":"Hong Kong, Hong Kong Special Administrative Region of the People’s Republic of China",
    "cy":"Hong Kong, Hong Kong Special Administrative Region of the People’s Republic of China",
    "code":"HK"
  },
  {
    "en":"Heard Island and McDonald Islands",
    "cy":"Heard Island and McDonald Islands",
    "code":"HM"
  },
  {
    "en":"Honduras, Including Swan Islands",
    "cy":"Honduras, Including Swan Islands",
    "code":"HN"
  },
  {
    "en":"Croatia",
    "cy":"Croatia",
    "code":"HR"
  },
  {
    "en":"Haiti",
    "cy":"Haiti",
    "code":"HT"
  },
  {
    "en":"Hungary",
    "cy":"Hungary",
    "code":"HU"
  },
  {
    "en":"Indonesia",
    "cy":"Indonesia",
    "code":"ID"
  },
  {
    "en":"Ireland",
    "cy":"Ireland",
    "code":"IE"
  },
  {
    "en":"Israel",
    "cy":"Israel",
    "code":"IL"
  },
  {
    "en":"Isle of Man",
    "cy":"Isle of Man",
    "code":"IM"
  },
  {
    "en":"India",
    "cy":"India",
    "code":"IN"
  },
  {
    "en":"British Indian Ocean Territory (the), Chagos Archipelago",
    "cy":"British Indian Ocean Territory (the), Chagos Archipelago",
    "code":"IO"
  },
  {
    "en":"Iraq",
    "cy":"Iraq",
    "code":"IQ"
  },
  {
    "en":"Iran (Islamic Republic of)",
    "cy":"Iran (Islamic Republic of)",
    "code":"IR"
  },
  {
    "en":"Iceland",
    "cy":"Iceland",
    "code":"IS"
  },
  {
    "en":"Italy, Including Livigno; excluding the municipality of Campione d’Italia",
    "cy":"Italy, Including Livigno; excluding the municipality of Campione d’Italia",
    "code":"IT"
  },
  {
    "en":"Jersey",
    "cy":"Jersey",
    "code":"JE"
  },
  {
    "en":"Jamaica",
    "cy":"Jamaica",
    "code":"JM"
  },
  {
    "en":"Jordan",
    "cy":"Jordan",
    "code":"JO"
  },
  {
    "en":"Japan",
    "cy":"Japan",
    "code":"JP"
  },
  {
    "en":"Kenya",
    "cy":"Kenya",
    "code":"KE"
  },
  {
    "en":"Kyrgyz Republic",
    "cy":"Kyrgyz Republic",
    "code":"KG"
  },
  {
    "en":"Cambodia",
    "cy":"Cambodia",
    "code":"KH"
  },
  {
    "en":"Kiribati",
    "cy":"Kiribati",
    "code":"KI"
  },
  {
    "en":"Comoros (the), Anjouan, Grande Comore and Moheli",
    "cy":"Comoros (the), Anjouan, Grande Comore and Moheli",
    "code":"KM"
  },
  {
    "en":"Saint Kitts and Nevis",
    "cy":"Saint Kitts and Nevis",
    "code":"KN"
  },
  {
    "en":"Korea (the Democratic People’s Republic of), Often referred to as North Korea",
    "cy":"Korea (the Democratic People’s Republic of), Often referred to as North Korea",
    "code":"KP"
  },
  {
    "en":"Korea (the Republic of), Often referred to as South Korea",
    "cy":"Korea (the Republic of), Often referred to as South Korea",
    "code":"KR"
  },
  {
    "en":"Kuwait",
    "cy":"Kuwait",
    "code":"KW"
  },
  {
    "en":"Cayman Islands (the)",
    "cy":"Cayman Islands (the)",
    "code":"KY"
  },
  {
    "en":"Kazakhstan",
    "cy":"Kazakhstan",
    "code":"KZ"
  },
  {
    "en":"Lao People’s Democratic Republic (the), Often referred to as Laos",
    "cy":"Lao People’s Democratic Republic (the), Often referred to as Laos",
    "code":"LA"
  },
  {
    "en":"Lebanon",
    "cy":"Lebanon",
    "code":"LB"
  },
  {
    "en":"Saint Lucia",
    "cy":"Saint Lucia",
    "code":"LC"
  },
  {
    "en":"Liechtenstein",
    "cy":"Liechtenstein",
    "code":"LI"
  },
  {
    "en":"Sri Lanka",
    "cy":"Sri Lanka",
    "code":"LK"
  },
  {
    "en":"Liberia",
    "cy":"Liberia",
    "code":"LR"
  },
  {
    "en":"Lesotho",
    "cy":"Lesotho",
    "code":"LS"
  },
  {
    "en":"Lithuania",
    "cy":"Lithuania",
    "code":"LT"
  },
  {
    "en":"Luxembourg",
    "cy":"Luxembourg",
    "code":"LU"
  },
  {
    "en":"Latvia",
    "cy":"Latvia",
    "code":"LV"
  },
  {
    "en":"Libya",
    "cy":"Libya",
    "code":"LY"
  },
  {
    "en":"Morocco",
    "cy":"Morocco",
    "code":"MA"
  },
  {
    "en":"Moldova (the Republic of)",
    "cy":"Moldova (the Republic of)",
    "code":"MD"
  },
  {
    "en":"Montenegro",
    "cy":"Montenegro",
    "code":"ME"
  },
  {
    "en":"Madagascar",
    "cy":"Madagascar",
    "code":"MG"
  },
  {
    "en":"Marshall Islands (the)",
    "cy":"Marshall Islands (the)",
    "code":"MH"
  },
  {
    "en":"Macedonia (the former Yugoslav Republic of)",
    "cy":"Macedonia (the former Yugoslav Republic of)",
    "code":"MK"
  },
  {
    "en":"Mali",
    "cy":"Mali",
    "code":"ML"
  },
  {
    "en":"Myanmar, Often referred to as Burma",
    "cy":"Myanmar, Often referred to as Burma",
    "code":"MM"
  },
  {
    "en":"Mongolia",
    "cy":"Mongolia",
    "code":"MN"
  },
  {
    "en":"Macao, Special Administrative Region of the People’s Republic of China",
    "cy":"Macao, Special Administrative Region of the People’s Republic of China",
    "code":"MO"
  },
  {
    "en":"Northern Mariana Islands (the)",
    "cy":"Northern Mariana Islands (the)",
    "code":"MP"
  },
  {
    "en":"Mauritania",
    "cy":"Mauritania",
    "code":"MR"
  },
  {
    "en":"Montserrat",
    "cy":"Montserrat",
    "code":"MS"
  },
  {
    "en":"Malta, Including Gozo and Comino",
    "cy":"Malta, Including Gozo and Comino",
    "code":"MT"
  },
  {
    "en":"Mauritius - Mauritius, Rodrigues Island, Agalega Islands and Cargados Carajos Shoals (St Brandon Islands)",
    "cy":"Mauritius - Mauritius, Rodrigues Island, Agalega Islands and Cargados Carajos Shoals (St Brandon Islands)",
    "code":"MU"
  },
  {
    "en":"Maldives",
    "cy":"Maldives",
    "code":"MV"
  },
  {
    "en":"Malawi",
    "cy":"Malawi",
    "code":"MW"
  },
  {
    "en":"Mexico",
    "cy":"Mexico",
    "code":"MX"
  },
  {
    "en":"Malaysia - Peninsular Malaysia and Eastern Malaysia (Labuan, Sabah and Sarawak)",
    "cy":"Malaysia - Peninsular Malaysia and Eastern Malaysia (Labuan, Sabah and Sarawak)",
    "code":"MY"
  },
  {
    "en":"Mozambique",
    "cy":"Mozambique",
    "code":"MZ"
  },
  {
    "en":"Namibia",
    "cy":"Namibia",
    "code":"NA"
  },
  {
    "en":"New Caledonia, Including Loyalty Islands (Lifou, Mare and Ouvea)",
    "cy":"New Caledonia, Including Loyalty Islands (Lifou, Mare and Ouvea)",
    "code":"NC"
  },
  {
    "en":"Niger (the)",
    "cy":"Niger (the)",
    "code":"NE"
  },
  {
    "en":"Norfolk Island",
    "cy":"Norfolk Island",
    "code":"NF"
  },
  {
    "en":"Nigeria",
    "cy":"Nigeria",
    "code":"NG"
  },
  {
    "en":"Nicaragua, Including Corn Islands",
    "cy":"Nicaragua, Including Corn Islands",
    "code":"NI"
  },
  {
    "en":"Netherlands (the)",
    "cy":"Netherlands (the)",
    "code":"NL"
  },
  {
    "en":"Norway, Including Svalbard Archipelago and Jan Mayen Island",
    "cy":"Norway, Including Svalbard Archipelago and Jan Mayen Island",
    "code":"NO"
  },
  {
    "en":"Nepal",
    "cy":"Nepal",
    "code":"NP"
  },
  {
    "en":"Nauru",
    "cy":"Nauru",
    "code":"NR"
  },
  {
    "en":"Niue",
    "cy":"Niue",
    "code":"NU"
  },
  {
    "en":"New Zealand, Excluding Ross Dependency (Antarctica)",
    "cy":"New Zealand, Excluding Ross Dependency (Antarctica)",
    "code":"NZ"
  },
  {
    "en":"Oman",
    "cy":"Oman",
    "code":"OM"
  },
  {
    "en":"Panama, Including former Canal Zone",
    "cy":"Panama, Including former Canal Zone",
    "code":"PA"
  },
  {
    "en":"Peru",
    "cy":"Peru",
    "code":"PE"
  },
  {
    "en":"French Polynesia - Marquesas Islands, Society Islands (including Tahiti), Tuamotu Islands, Gambier Islands and Austral Islands",
    "cy":"French Polynesia - Marquesas Islands, Society Islands (including Tahiti), Tuamotu Islands, Gambier Islands and Austral Islands",
    "code":"PF"
  },
  {
    "en":"Papua New Guinea - Eastern part of New Guinea; Bismarck Archipelago (including New Britain, New Ireland, Lavongai (New Hanover) and Admiralty Islands); Northern Solomon Islands (Bougainville and Buka); Trobriand Islands, Woodlark Island; d’Entrecasteaux Islands and Louisiade Archipelago",
    "cy":"Papua New Guinea - Eastern part of New Guinea; Bismarck Archipelago (including New Britain, New Ireland, Lavongai (New Hanover) and Admiralty Islands); Northern Solomon Islands (Bougainville and Buka); Trobriand Islands, Woodlark Island; d’Entrecasteaux Islands and Louisiade Archipelago",
    "code":"PG"
  },
  {
    "en":"Philippines (the)",
    "cy":"Philippines (the)",
    "code":"PH"
  },
  {
    "en":"Pakistan",
    "cy":"Pakistan",
    "code":"PK"
  },
  {
    "en":"Poland",
    "cy":"Poland",
    "code":"PL"
  },
  {
    "en":"Saint Pierre and Miquelon",
    "cy":"Saint Pierre and Miquelon",
    "code":"PM"
  },
  {
    "en":"Pitcairn, Including the Ducie, Henderson and Oeno Islands",
    "cy":"Pitcairn, Including the Ducie, Henderson and Oeno Islands",
    "code":"PN"
  },
  {
    "en":"Occupied Palestinian Territory - West Bank (including East Jerusalem) and Gaza Strip",
    "cy":"Occupied Palestinian Territory - West Bank (including East Jerusalem) and Gaza Strip",
    "code":"PS"
  },
  {
    "en":"Portugal, Including Azores and Madeira",
    "cy":"Portugal, Including Azores and Madeira",
    "code":"PT"
  },
  {
    "en":"Palau",
    "cy":"Palau",
    "code":"PW"
  },
  {
    "en":"Paraguay",
    "cy":"Paraguay",
    "code":"PY"
  },
  {
    "en":"Qatar",
    "cy":"Qatar",
    "code":"QA"
  },
  {
    "en":"Romania",
    "cy":"Romania",
    "code":"RO"
  },
  {
    "en":"Russian Federation (the), Often referred to as Russia",
    "cy":"Russian Federation (the), Often referred to as Russia",
    "code":"RU"
  },
  {
    "en":"Rwanda",
    "cy":"Rwanda",
    "code":"RW"
  },
  {
    "en":"Saudi Arabia",
    "cy":"Saudi Arabia",
    "code":"SA"
  },
  {
    "en":"Solomon Islands",
    "cy":"Solomon Islands",
    "code":"SB"
  },
  {
    "en":"Seychelles - Mahe Island, Praslin Island, La Digue, Fregate and Silhouette; Amirante Islands (including Desroches, Alphonse, Platte and Coetivy); Farquhar Islands (including Providence); Aldabra Islands and Cosmoledo Islands",
    "cy":"Seychelles - Mahe Island, Praslin Island, La Digue, Fregate and Silhouette; Amirante Islands (including Desroches, Alphonse, Platte and Coetivy); Farquhar Islands (including Providence); Aldabra Islands and Cosmoledo Islands",
    "code":"SC"
  },
  {
    "en":"Sudan (the)",
    "cy":"Sudan (the)",
    "code":"SD"
  },
  {
    "en":"Sweden",
    "cy":"Sweden",
    "code":"SE"
  },
  {
    "en":"Singapore",
    "cy":"Singapore",
    "code":"SG"
  },
  {
    "en":"Saint Helena, Ascension and Tristan da Cunha",
    "cy":"Saint Helena, Ascension and Tristan da Cunha",
    "code":"SH"
  },
  {
    "en":"Slovenia",
    "cy":"Slovenia",
    "code":"SI"
  },
  {
    "en":"Slovakia",
    "cy":"Slovakia",
    "code":"SK"
  },
  {
    "en":"Sierra Leone",
    "cy":"Sierra Leone",
    "code":"SL"
  },
  {
    "en":"San Marino",
    "cy":"San Marino",
    "code":"SM"
  },
  {
    "en":"Senegal",
    "cy":"Senegal",
    "code":"SN"
  },
  {
    "en":"Somalia",
    "cy":"Somalia",
    "code":"SO"
  },
  {
    "en":"Suriname",
    "cy":"Suriname",
    "code":"SR"
  },
  {
    "en":"South Sudan",
    "cy":"South Sudan",
    "code":"SS"
  },
  {
    "en":"Sao Tome and Principe",
    "cy":"Sao Tome and Principe",
    "code":"ST"
  },
  {
    "en":"El Salvador",
    "cy":"El Salvador",
    "code":"SV"
  },
  {
    "en":"Sint Maarten (Dutch part) - The island of Saint Martin is divided into the French northern part and the Dutch southern part",
    "cy":"Sint Maarten (Dutch part) - The island of Saint Martin is divided into the French northern part and the Dutch southern part",
    "code":"SX"
  },
  {
    "en":"Syrian Arab Republic, Often referred to as Syria",
    "cy":"Syrian Arab Republic, Often referred to as Syria",
    "code":"SY"
  },
  {
    "en":"Swaziland",
    "cy":"Swaziland",
    "code":"SZ"
  },
  {
    "en":"Turks and Caicos Islands (the)",
    "cy":"Turks and Caicos Islands (the)",
    "code":"TC"
  },
  {
    "en":"Chad",
    "cy":"Chad",
    "code":"TD"
  },
  {
    "en":"French Southern Territories (the) - Including Kerguelen Islands, Amsterdam Island, Saint-Paul Island, Crozet Archipelago and French scattered Indian Ocean Islands formed by Bassas da India, Europa Island, Glorioso Islands, Juan de Nova Island and Tromelin Island",
    "cy":"French Southern Territories (the) - Including Kerguelen Islands, Amsterdam Island, Saint-Paul Island, Crozet Archipelago and French scattered Indian Ocean Islands formed by Bassas da India, Europa Island, Glorioso Islands, Juan de Nova Island and Tromelin Island",
    "code":"TF"
  },
  {
    "en":"Togo",
    "cy":"Togo",
    "code":"TG"
  },
  {
    "en":"Thailand",
    "cy":"Thailand",
    "code":"TH"
  },
  {
    "en":"Tajikistan",
    "cy":"Tajikistan",
    "code":"TJ"
  },
  {
    "en":"Tokelau",
    "cy":"Tokelau",
    "code":"TK"
  },
  {
    "en":"Timor-Leste",
    "cy":"Timor-Leste",
    "code":"TL"
  },
  {
    "en":"Turkmenistan",
    "cy":"Turkmenistan",
    "code":"TM"
  },
  {
    "en":"Tunisia",
    "cy":"Tunisia",
    "code":"TN"
  },
  {
    "en":"Tonga",
    "cy":"Tonga",
    "code":"TO"
  },
  {
    "en":"Turkey",
    "cy":"Turkey",
    "code":"TR"
  },
  {
    "en":"Trinidad and Tobago",
    "cy":"Trinidad and Tobago",
    "code":"TT"
  },
  {
    "en":"Tuvalu",
    "cy":"Tuvalu",
    "code":"TV"
  },
  {
    "en":"Taiwan - Separate customs territory of Taiwan, Penghu, Kinmen and Matsu",
    "cy":"Taiwan - Separate customs territory of Taiwan, Penghu, Kinmen and Matsu",
    "code":"TW"
  },
  {
    "en":"Tanzania, United Republic of - Pemba, Zanzibar Island and Tanganyika",
    "cy":"Tanzania, United Republic of - Pemba, Zanzibar Island and Tanganyika",
    "code":"TZ"
  },
  {
    "en":"Ukraine",
    "cy":"Ukraine",
    "code":"UA"
  },
  {
    "en":"Uganda",
    "cy":"Uganda",
    "code":"UG"
  },
  {
    "en":"United States Minor Outlying Islands (the), Including Baker Island, Howland Island, Jarvis Island, Johnston Atoll, Kingman Reef, Midway Islands, Navassa Island, Palmyra Atoll and Wake Island",
    "cy":"United States Minor Outlying Islands (the), Including Baker Island, Howland Island, Jarvis Island, Johnston Atoll, Kingman Reef, Midway Islands, Navassa Island, Palmyra Atoll and Wake Island",
    "code":"UM"
  },
  {
    "en":"United States of America (the), Including Puerto Rico",
    "cy":"United States of America (the), Including Puerto Rico",
    "code":"US"
  },
  {
    "en":"Uruguay",
    "cy":"Uruguay",
    "code":"UY"
  },
  {
    "en":"Uzbekistan",
    "cy":"Uzbekistan",
    "code":"UZ"
  },
  {
    "en":"Holy See (Vatican City State)",
    "cy":"Holy See (Vatican City State)",
    "code":"VA"
  },
  {
    "en":"Saint Vincent and the Grenadines",
    "cy":"Saint Vincent and the Grenadines",
    "code":"VC"
  },
  {
    "en":"Venezuela (Bolivarian Republic of), Often referred to as Venezuela",
    "cy":"Venezuela (Bolivarian Republic of), Often referred to as Venezuela",
    "code":"VE"
  },
  {
    "en":"Virgin Islands (British)",
    "cy":"Virgin Islands (British)",
    "code":"VG"
  },
  {
    "en":"Virgin Islands (U.S.)",
    "cy":"Virgin Islands (U.S.)",
    "code":"VI"
  },
  {
    "en":"Vietnam",
    "cy":"Vietnam",
    "code":"VN"
  },
  {
    "en":"Vanuatu",
    "cy":"Vanuatu",
    "code":"VU"
  },
  {
    "en":"Wallis and Futuna, Including Alofi Island",
    "cy":"Wallis and Futuna, Including Alofi Island",
    "code":"WF"
  },
  {
    "en":"Samoa, Formerly known as Western Samoa",
    "cy":"Samoa, Formerly known as Western Samoa",
    "code":"WS"
  },
  {
    "en":"Ceuta",
    "cy":"Ceuta",
    "code":"XC"
  },
  {
    "en":"Kosovo - As defined by United Nations Security Council Resolution 1244 of 10 June 1999",
    "cy":"Kosovo - As defined by United Nations Security Council Resolution 1244 of 10 June 1999",
    "code":"XK"
  },
  {
    "en":"Melilla, Including Penon de Velez de la Gomera,Penon de Alhucemas and Chafarinas Islands",
    "cy":"Melilla, Including Penon de Velez de la Gomera,Penon de Alhucemas and Chafarinas Islands",
    "code":"XL"
  },
  {
    "en":"Serbia",
    "cy":"Serbia",
    "code":"XS"
  },
  {
    "en":"Yemen, Formerly North Yemen and South Yemen",
    "cy":"Yemen, Formerly North Yemen and South Yemen",
    "code":"YE"
  },
  {
    "en":"Mayotte - Grande-Terre and Pamandzi",
    "cy":"Mayotte - Grande-Terre and Pamandzi",
    "code":"YT"
  },
  {
    "en":"South Africa",
    "cy":"South Africa",
    "code":"ZA"
  },
  {
    "en":"Zambia",
    "cy":"Zambia",
    "code":"ZM"
  },
  {
    "en":"Zimbabwe",
    "cy":"Zimbabwe",
    "code":"ZW"
  }
]
